binomial_steps,binomial_price,abs_err
3,11.043871,0.593288
4,9.970523,0.480061
5,10.805934,0.355350
6,10.125573,0.325011
7,10.703790,0.253206
8,10.205099,0.245484
10,10.253409,0.197175
12,10.285850,0.164734
14,10.309131,0.141452
16,10.326651,0.123933
19,10.543294,0.092711
23,10.527110,0.076526
27,10.515735,0.065151
32,10.388346,0.062238
38,10.398138,0.052446
46,10.407233,0.043351
54,10.413639,0.036944
64,10.419400,0.031183
76,10.424315,0.026268
90,10.428396,0.022188
106,10.431741,0.018843
125,10.464617,0.014033
148,10.437083,0.013500
175,10.460605,0.010021
208,10.440975,0.009608
245,10.457740,0.007157
290,10.443691,0.006893
343,10.455695,0.005111
406,10.445660,0.004924
480,10.446419,0.004165
568,10.447064,0.003520
671,10.453196,0.002612
794,10.448065,0.002518
939,10.452450,0.001867
1110,10.448782,0.001801
1312,10.449060,0.001524
1552,10.449295,0.001288
1835,10.451539,0.000955
2169,10.451392,0.000808
2565,10.451267,0.000683
3032,10.449924,0.000660
3585,10.451072,0.000489
4239,10.450997,0.000413
5011,10.450933,0.000350
