simulations,mc_price,std_error,abs_err
100,7.825768,1.011962,2.624815
146,8.494088,1.031291,1.956495
215,8.788287,0.889877,1.662296
316,9.587928,0.813400,0.862656
464,9.830629,0.654921,0.619954
681,9.864260,0.548790,0.586323
1000,9.911980,0.448345,0.538604
1467,10.174737,0.375811,0.275847
2154,9.758054,0.303880,0.692530
3162,10.227068,0.259110,0.223515
4641,10.241229,0.214553,0.209354
6812,10.408483,0.178930,0.042101
10000,10.345182,0.147663,0.105402
14677,10.339727,0.122357,0.110857
21544,10.541389,0.101315,0.090805
31622,10.598413,0.083739,0.147829
46415,10.492679,0.068761,0.042095
68129,10.465610,0.056757,0.015027
100000,10.420541,0.046770,0.030042
146779,10.443434,0.038694,0.007150
215443,10.454352,0.031863,0.003768
316227,10.450752,0.026259,0.000169
464158,10.449502,0.021653,0.001082
681292,10.434453,0.017842,0.016130
1000000,10.453195,0.014731,0.002612
