rebalances,mean_pnl,std_pnl,mean_se
2,0.00115,2.15091,0.01075
3,-0.00625,1.80541,0.00903
4,-0.00217,1.57332,0.00787
5,0.00247,1.41421,0.00707
6,-0.00800,1.30514,0.00653
8,-0.00469,1.13750,0.00569
10,-0.00202,1.02476,0.00512
12,-0.00936,0.94420,0.00472
15,-0.00847,0.85265,0.00426
16,-0.00503,0.81907,0.00410
20,-0.00351,0.73921,0.00370
24,-0.00718,0.67431,0.00337
30,-0.00563,0.60725,0.00304
40,-0.00210,0.52972,0.00265
48,-0.00198,0.47995,0.00240
60,-0.00364,0.43208,0.00216
80,-0.00213,0.37354,0.00187
120,-0.00258,0.30752,0.00154
240,-0.00194,0.21756,0.00109
