expiry,T_years,option_type,strike,underlying_price,mid_price,implied_vol,moneyness
1M,0.083333,put,80.000000,100.000000,0.057424,0.369245,0.800000
1M,0.083333,put,81.000000,100.000000,0.066405,0.359206,0.810000
1M,0.083333,put,82.000000,100.000000,0.076355,0.348779,0.820000
1M,0.083333,put,83.000000,100.000000,0.087318,0.337951,0.830000
1M,0.083333,put,84.000000,100.000000,0.099336,0.326705,0.840000
1M,0.083333,put,85.000000,100.000000,0.112453,0.315031,0.850000
1M,0.083333,put,86.000000,100.000000,0.126733,0.302922,0.860000
1M,0.083333,put,87.000000,100.000000,0.142295,0.290388,0.870000
1M,0.083333,put,88.000000,100.000000,0.159382,0.277468,0.880000
1M,0.083333,put,89.000000,100.000000,0.178504,0.264253,0.890000
1M,0.083333,put,90.000000,100.000000,0.200654,0.250909,0.900000
1M,0.083333,put,91.000000,100.000000,0.227650,0.237702,0.910000
1M,0.083333,put,92.000000,100.000000,0.262562,0.224991,0.920000
1M,0.083333,put,93.000000,100.000000,0.310178,0.213186,0.930000
1M,0.083333,put,94.000000,100.000000,0.377392,0.202666,0.940000
1M,0.083333,put,95.000000,100.000000,0.473343,0.193682,0.950000
1M,0.083333,put,96.000000,100.000000,0.609162,0.186305,0.960000
1M,0.083333,put,97.000000,100.000000,0.797216,0.180436,0.970000
1M,0.083333,put,98.000000,100.000000,1.049910,0.175878,0.980000
1M,0.083333,put,99.000000,100.000000,1.378206,0.172402,0.990000
1M,0.083333,call,100.000000,100.000000,2.122947,0.169800,1.000000
1M,0.083333,call,101.000000,100.000000,1.625968,0.167902,1.010000
1M,0.083333,call,102.000000,100.000000,1.216269,0.166588,1.020000
1M,0.083333,call,103.000000,100.000000,0.889082,0.165780,1.030000
1M,0.083333,call,104.000000,100.000000,0.636119,0.165443,1.040000
1M,0.083333,call,105.000000,100.000000,0.446790,0.165583,1.050000
1M,0.083333,call,106.000000,100.000000,0.309530,0.166240,1.060000
1M,0.083333,call,107.000000,100.000000,0.213000,0.167495,1.070000
1M,0.083333,call,108.000000,100.000000,0.146976,0.169456,1.080000
1M,0.083333,call,109.000000,100.000000,0.102871,0.172247,1.090000
1M,0.083333,call,110.000000,100.000000,0.073909,0.175972,1.100000
1M,0.083333,call,111.000000,100.000000,0.055034,0.180671,1.110000
1M,0.083333,call,112.000000,100.000000,0.042662,0.186285,1.120000
1M,0.083333,call,113.000000,100.000000,0.034373,0.192652,1.130000
1M,0.083333,call,114.000000,100.000000,0.028599,0.199549,1.140000
1M,0.083333,call,115.000000,100.000000,0.024367,0.206742,1.150000
1M,0.083333,call,116.000000,100.000000,0.021093,0.214033,1.160000
1M,0.083333,call,117.000000,100.000000,0.018436,0.221276,1.170000
1M,0.083333,call,118.000000,100.000000,0.016199,0.228375,1.180000
1M,0.083333,call,119.000000,100.000000,0.014269,0.235276,1.190000
1M,0.083333,call,120.000000,100.000000,0.012580,0.241951,1.200000
3M,0.250000,put,80.000000,100.000000,0.189503,0.265942,0.800000
3M,0.250000,put,81.000000,100.000000,0.216485,0.260664,0.810000
3M,0.250000,put,82.000000,100.000000,0.246574,0.255245,0.820000
3M,0.250000,put,83.000000,100.000000,0.280205,0.249707,0.830000
3M,0.250000,put,84.000000,100.000000,0.317964,0.244085,0.840000
3M,0.250000,put,85.000000,100.000000,0.360630,0.238417,0.850000
3M,0.250000,put,86.000000,100.000000,0.409230,0.232755,0.860000
3M,0.250000,put,87.000000,100.000000,0.465097,0.227156,0.870000
3M,0.250000,put,88.000000,100.000000,0.529918,0.221680,0.880000
3M,0.250000,put,89.000000,100.000000,0.605772,0.216390,0.890000
3M,0.250000,put,90.000000,100.000000,0.695153,0.211343,0.900000
3M,0.250000,put,91.000000,100.000000,0.800965,0.206586,0.910000
3M,0.250000,put,92.000000,100.000000,0.926485,0.202158,0.920000
3M,0.250000,put,93.000000,100.000000,1.075303,0.198082,0.930000
3M,0.250000,put,94.000000,100.000000,1.251215,0.194371,0.940000
3M,0.250000,put,95.000000,100.000000,1.458099,0.191022,0.950000
3M,0.250000,put,96.000000,100.000000,1.699767,0.188025,0.960000
3M,0.250000,put,97.000000,100.000000,1.979801,0.185364,0.970000
3M,0.250000,put,98.000000,100.000000,2.301398,0.183014,0.980000
3M,0.250000,put,99.000000,100.000000,2.667224,0.180954,0.990000
3M,0.250000,call,100.000000,100.000000,4.074307,0.179156,1.000000
3M,0.250000,call,101.000000,100.000000,3.543834,0.177600,1.010000
3M,0.250000,call,102.000000,100.000000,3.061356,0.176262,1.020000
3M,0.250000,call,103.000000,100.000000,2.626560,0.175123,1.030000
3M,0.250000,call,104.000000,100.000000,2.238374,0.174167,1.040000
3M,0.250000,call,105.000000,100.000000,1.895037,0.173381,1.050000
3M,0.250000,call,106.000000,100.000000,1.594195,0.172753,1.060000
3M,0.250000,call,107.000000,100.000000,1.333021,0.172274,1.070000
3M,0.250000,call,108.000000,100.000000,1.108346,0.171940,1.080000
3M,0.250000,call,109.000000,100.000000,0.916784,0.171746,1.090000
3M,0.250000,call,110.000000,100.000000,0.754860,0.171691,1.100000
3M,0.250000,call,111.000000,100.000000,0.619116,0.171776,1.110000
3M,0.250000,call,112.000000,100.000000,0.506210,0.172002,1.120000
3M,0.250000,call,113.000000,100.000000,0.412986,0.172374,1.130000
3M,0.250000,call,114.000000,100.000000,0.336528,0.172896,1.140000
3M,0.250000,call,115.000000,100.000000,0.274196,0.173573,1.150000
3M,0.250000,call,116.000000,100.000000,0.223641,0.174410,1.160000
3M,0.250000,call,117.000000,100.000000,0.182810,0.175412,1.170000
3M,0.250000,call,118.000000,100.000000,0.149935,0.176582,1.180000
3M,0.250000,call,119.000000,100.000000,0.123514,0.177919,1.190000
3M,0.250000,call,120.000000,100.000000,0.102293,0.179421,1.200000
6M,0.500000,put,80.000000,100.000000,0.425488,0.229955,0.800000
6M,0.500000,put,81.000000,100.000000,0.481948,0.227037,0.810000
6M,0.500000,put,82.000000,100.000000,0.545054,0.224125,0.820000
6M,0.500000,put,83.000000,100.000000,0.615630,0.221231,0.830000
6M,0.500000,put,84.000000,100.000000,0.694613,0.218370,0.840000
6M,0.500000,put,85.000000,100.000000,0.783060,0.215555,0.850000
6M,0.500000,put,86.000000,100.000000,0.882151,0.212801,0.860000
6M,0.500000,put,87.000000,100.000000,0.993188,0.210120,0.870000
6M,0.500000,put,88.000000,100.000000,1.117585,0.207525,0.880000
6M,0.500000,put,89.000000,100.000000,1.256860,0.205026,0.890000
6M,0.500000,put,90.000000,100.000000,1.412616,0.202631,0.900000
6M,0.500000,put,91.000000,100.000000,1.586518,0.200347,0.910000
6M,0.500000,put,92.000000,100.000000,1.780266,0.198179,0.920000
6M,0.500000,put,93.000000,100.000000,1.995564,0.196129,0.930000
6M,0.500000,put,94.000000,100.000000,2.234087,0.194199,0.940000
6M,0.500000,put,95.000000,100.000000,2.497446,0.192388,0.950000
6M,0.500000,put,96.000000,100.000000,2.787153,0.190695,0.960000
6M,0.500000,put,97.000000,100.000000,3.104585,0.189117,0.970000
6M,0.500000,put,98.000000,100.000000,3.450957,0.187650,0.980000
6M,0.500000,put,99.000000,100.000000,3.827292,0.186290,0.990000
6M,0.500000,call,100.000000,100.000000,6.214531,0.185033,1.000000
6M,0.500000,call,101.000000,100.000000,5.672791,0.183875,1.010000
6M,0.500000,call,102.000000,100.000000,5.162740,0.182810,1.020000
6M,0.500000,call,103.000000,100.000000,4.684475,0.181833,1.030000
6M,0.500000,call,104.000000,100.000000,4.237848,0.180941,1.040000
6M,0.500000,call,105.000000,100.000000,3.822475,0.180128,1.050000
6M,0.500000,call,106.000000,100.000000,3.437756,0.179391,1.060000
6M,0.500000,call,107.000000,100.000000,3.082885,0.178725,1.070000
6M,0.500000,call,108.000000,100.000000,2.756874,0.178128,1.080000
6M,0.500000,call,109.000000,100.000000,2.458582,0.177596,1.090000
6M,0.500000,call,110.000000,100.000000,2.186732,0.177126,1.100000
6M,0.500000,call,111.000000,100.000000,1.939949,0.176716,1.110000
6M,0.500000,call,112.000000,100.000000,1.716777,0.176364,1.120000
6M,0.500000,call,113.000000,100.000000,1.515712,0.176066,1.130000
6M,0.500000,call,114.000000,100.000000,1.335223,0.175823,1.140000
6M,0.500000,call,115.000000,100.000000,1.173775,0.175632,1.150000
6M,0.500000,call,116.000000,100.000000,1.029853,0.175492,1.160000
6M,0.500000,call,117.000000,100.000000,0.901974,0.175401,1.170000
6M,0.500000,call,118.000000,100.000000,0.788707,0.175361,1.180000
6M,0.500000,call,119.000000,100.000000,0.688681,0.175368,1.190000
6M,0.500000,call,120.000000,100.000000,0.600598,0.175424,1.200000
12M,1.000000,put,80.000000,100.000000,0.943569,0.211357,0.800000
12M,1.000000,put,81.000000,100.000000,1.048295,0.209988,0.810000
12M,1.000000,put,82.000000,100.000000,1.162512,0.208642,0.820000
12M,1.000000,put,83.000000,100.000000,1.286875,0.207319,0.830000
12M,1.000000,put,84.000000,100.000000,1.422055,0.206023,0.840000
12M,1.000000,put,85.000000,100.000000,1.568743,0.204754,0.850000
12M,1.000000,put,86.000000,100.000000,1.727644,0.203515,0.860000
12M,1.000000,put,87.000000,100.000000,1.899467,0.202306,0.870000
12M,1.000000,put,88.000000,100.000000,2.084928,0.201128,0.880000
12M,1.000000,put,89.000000,100.000000,2.284737,0.199984,0.890000
12M,1.000000,put,90.000000,100.000000,2.499595,0.198874,0.900000
12M,1.000000,put,91.000000,100.000000,2.730190,0.197797,0.910000
12M,1.000000,put,92.000000,100.000000,2.977183,0.196756,0.920000
12M,1.000000,put,93.000000,100.000000,3.241211,0.195750,0.930000
12M,1.000000,put,94.000000,100.000000,3.522872,0.194779,0.940000
12M,1.000000,put,95.000000,100.000000,3.822725,0.193843,0.950000
12M,1.000000,put,96.000000,100.000000,4.141280,0.192942,0.960000
12M,1.000000,put,97.000000,100.000000,4.478997,0.192076,0.970000
12M,1.000000,put,98.000000,100.000000,4.836277,0.191245,0.980000
12M,1.000000,put,99.000000,100.000000,5.213462,0.190447,0.990000
12M,1.000000,call,100.000000,100.000000,9.531885,0.189683,1.000000
12M,1.000000,call,101.000000,100.000000,8.988855,0.188951,1.010000
12M,1.000000,call,102.000000,100.000000,8.466361,0.188250,1.020000
12M,1.000000,call,103.000000,100.000000,7.964477,0.187582,1.030000
12M,1.000000,call,104.000000,100.000000,7.483209,0.186943,1.040000
12M,1.000000,call,105.000000,100.000000,7.022496,0.186334,1.050000
12M,1.000000,call,106.000000,100.000000,6.582208,0.185753,1.060000
12M,1.000000,call,107.000000,100.000000,6.162155,0.185201,1.070000
12M,1.000000,call,108.000000,100.000000,5.762083,0.184676,1.080000
12M,1.000000,call,109.000000,100.000000,5.381682,0.184177,1.090000
12M,1.000000,call,110.000000,100.000000,5.020589,0.183703,1.100000
12M,1.000000,call,111.000000,100.000000,4.678390,0.183254,1.110000
12M,1.000000,call,112.000000,100.000000,4.354628,0.182828,1.120000
12M,1.000000,call,113.000000,100.000000,4.048805,0.182426,1.130000
12M,1.000000,call,114.000000,100.000000,3.760388,0.182047,1.140000
12M,1.000000,call,115.000000,100.000000,3.488816,0.181689,1.150000
12M,1.000000,call,116.000000,100.000000,3.233500,0.181352,1.160000
12M,1.000000,call,117.000000,100.000000,2.993834,0.181036,1.170000
12M,1.000000,call,118.000000,100.000000,2.769196,0.180739,1.180000
12M,1.000000,call,119.000000,100.000000,2.558951,0.180462,1.190000
12M,1.000000,call,120.000000,100.000000,2.362460,0.180203,1.200000
